file,class,confidence,reason_short
tweet_1743369999098507709.png,uncertain,0.45,ambiguous cf=20.4 ed=0.20 std=86.6
tweet_1749505697308389810.png,not_brand,0.99,manual_review: marked as autre by user
tweet_1754220697415549202.png,not_brand,0.99,manual_review: marked as autre by user
tweet_1754344052739228136.png,not_brand,0.99,manual_review: marked as autre by user
tweet_1761066927684776222.png,not_brand,0.63,photo/flat cf=34.0 ed=0.11 std=30.3
tweet_1761074502375453146.png,not_brand,0.63,photo/flat cf=8.3 ed=0.14 std=42.1
tweet_1761103353759531316.png,brand_visual,0.66,layout-like cf=1.3 ed=0.19 std=34.4
tweet_1761304719002067287.png,not_brand,0.63,photo/flat cf=14.2 ed=0.17 std=28.6
tweet_1769715145071091915.png,not_brand,0.63,photo/flat cf=96.8 ed=0.20 std=64.5
tweet_1772283699289006470.png,not_brand,0.63,photo/flat cf=1.3 ed=0.08 std=38.4
tweet_1775288604316602653.png,uncertain,0.45,ambiguous cf=24.5 ed=0.20 std=71.2
tweet_1781772173343887802.png,uncertain,0.45,ambiguous cf=50.8 ed=0.20 std=54.3
tweet_1782380119052439852.png,uncertain,0.45,ambiguous cf=37.6 ed=0.20 std=85.0
tweet_1786375887564218654.png,not_brand,0.63,photo/flat cf=14.6 ed=0.12 std=34.6
tweet_1787549103167090816.png,not_brand,0.63,photo/flat cf=95.5 ed=0.20 std=45.4
tweet_1793225289729798508.png,not_brand,0.63,photo/flat cf=14.1 ed=0.12 std=32.4
tweet_1798401022517235778.png,uncertain,0.45,ambiguous cf=39.3 ed=0.20 std=67.4
tweet_1805190952358650251.png,not_brand,0.99,manual_review: marked as autre by user
tweet_1805213516879552941.png,not_brand,0.63,photo/flat cf=7.2 ed=0.12 std=33.4
tweet_1808174105482436709.png,uncertain,0.45,ambiguous cf=6.3 ed=0.12 std=40.2
tweet_1808188513512575179.png,uncertain,0.45,ambiguous cf=88.4 ed=0.20 std=74.8
tweet_1833548499985584340.png,uncertain,0.45,ambiguous cf=29.1 ed=0.20 std=66.3
tweet_1833741762923233471.png,uncertain,0.45,ambiguous cf=7.2 ed=0.20 std=58.6
tweet_1835419987890102620.png,uncertain,0.45,ambiguous cf=8.6 ed=0.20 std=62.8
tweet_1844032208455299218.png,not_brand,0.63,photo/flat cf=18.7 ed=0.06 std=22.0
tweet_1863937010005590247.png,uncertain,0.45,ambiguous cf=77.4 ed=0.20 std=104.2
tweet_1877068578907730419.png,uncertain,0.45,ambiguous cf=38.4 ed=0.20 std=71.2
tweet_1882097013027967109.png,not_brand,0.63,photo/flat cf=9.6 ed=0.03 std=18.7
tweet_1891610817600127310.png,brand_visual,0.66,layout-like cf=31.4 ed=0.20 std=78.9
tweet_1891693757935853969.png,uncertain,0.45,ambiguous cf=13.3 ed=0.18 std=71.7
tweet_1897376574636196288.png,uncertain,0.45,ambiguous cf=17.1 ed=0.20 std=72.6
tweet_1922363719285199305.png,not_brand,0.63,photo/flat cf=14.2 ed=0.17 std=28.6
tweet_1928824588097491032.png,uncertain,0.45,ambiguous cf=41.8 ed=0.20 std=71.1
tweet_1929481126109954400.png,brand_visual,0.66,layout-like cf=74.9 ed=0.20 std=56.8
tweet_1934649206247186834.png,brand_visual,0.66,layout-like cf=49.7 ed=0.20 std=72.6
tweet_1935548193191903375.png,brand_visual,0.66,layout-like cf=43.0 ed=0.20 std=85.7
tweet_1939363927478948214.png,brand_visual,0.66,layout-like cf=52.1 ed=0.20 std=87.8
tweet_1940787640229597648.png,uncertain,0.45,ambiguous cf=4.0 ed=0.17 std=113.7
tweet_1942328791948484662.png,uncertain,0.45,ambiguous cf=26.9 ed=0.20 std=71.1
tweet_1942522878378865073.png,uncertain,0.45,ambiguous cf=22.2 ed=0.20 std=67.9
tweet_1942607766993928544.png,uncertain,0.45,ambiguous cf=45.0 ed=0.20 std=66.3
tweet_1943018463112630528.png,uncertain,0.45,ambiguous cf=12.3 ed=0.18 std=45.3
tweet_1943324987256893623.png,uncertain,0.45,ambiguous cf=38.4 ed=0.20 std=59.2
tweet_1946239010822652016.png,uncertain,0.45,ambiguous cf=47.4 ed=0.16 std=41.2
tweet_1947652985481527777.png,uncertain,0.45,ambiguous cf=82.4 ed=0.20 std=85.5
tweet_1947676538553434600.png,uncertain,0.45,ambiguous cf=22.8 ed=0.20 std=72.1
tweet_1947687340291309726.png,uncertain,0.45,ambiguous cf=1.3 ed=0.19 std=79.2
tweet_1947728828526432427.png,not_brand,0.63,photo/flat cf=1.3 ed=0.02 std=3.7
tweet_1947969930059465065.png,uncertain,0.45,ambiguous cf=56.0 ed=0.20 std=62.9
tweet_1947997894965154130.png,uncertain,0.45,ambiguous cf=30.2 ed=0.20 std=45.3
tweet_1948696526655816193.png,not_brand,0.63,photo/flat cf=1.4 ed=0.06 std=76.7
tweet_1948986646126624866.png,uncertain,0.45,ambiguous cf=14.3 ed=0.20 std=72.9
tweet_1949198868262146478.png,uncertain,0.45,ambiguous cf=24.2 ed=0.20 std=76.2
tweet_1949379295295816177.png,brand_visual,0.66,layout-like cf=5.7 ed=0.20 std=34.2
tweet_1950647588870299919.png,uncertain,0.45,ambiguous cf=29.2 ed=0.20 std=82.9
tweet_1951266966506778647.png,uncertain,0.45,ambiguous cf=10.8 ed=0.19 std=72.7
tweet_1951865569549971581.png,not_brand,0.63,photo/flat cf=1.4 ed=0.02 std=76.2
tweet_1951991449236725909.png,not_brand,0.63,photo/flat cf=1.2 ed=0.01 std=4.6
tweet_1952671141518008584.png,uncertain,0.45,ambiguous cf=21.2 ed=0.20 std=73.6
tweet_1952673836107018409.png,brand_visual,0.66,layout-like cf=36.6 ed=0.20 std=59.9
tweet_1952686773051814252.png,brand_visual,0.66,layout-like cf=27.4 ed=0.20 std=61.1
tweet_1952762363045945674.png,brand_visual,0.66,layout-like cf=59.6 ed=0.20 std=55.1
tweet_1952787836723159233.png,not_brand,0.63,photo/flat cf=1.2 ed=0.02 std=65.0
tweet_1952791462153719880.png,uncertain,0.45,ambiguous cf=40.1 ed=0.20 std=53.3
tweet_1953854233574617138.png,brand_visual,0.66,layout-like cf=41.5 ed=0.19 std=92.2
tweet_1954601723789787159.png,uncertain,0.45,ambiguous cf=15.2 ed=0.20 std=75.4
tweet_1954675714604810426.png,brand_visual,0.66,layout-like cf=17.5 ed=0.19 std=104.3
tweet_1954809052418236864.png,not_brand,0.63,photo/flat cf=4.7 ed=0.06 std=20.1
tweet_1954814058265289084.png,brand_visual,0.66,layout-like cf=28.5 ed=0.20 std=72.2
tweet_1954818191537930378.png,brand_visual,0.66,layout-like cf=12.3 ed=0.20 std=98.5
tweet_1954870524330258492.png,brand_visual,0.66,layout-like cf=52.4 ed=0.20 std=85.4
tweet_1954955564099965433.png,brand_visual,0.66,layout-like cf=111.5 ed=0.20 std=69.7
tweet_1955919809926906139.png,uncertain,0.45,ambiguous cf=3.3 ed=0.17 std=112.8
tweet_1956008350778331316.png,brand_visual,0.66,layout-like cf=26.3 ed=0.20 std=100.7
tweet_1956385495052910893.png,brand_visual,0.66,layout-like cf=53.5 ed=0.20 std=73.7
tweet_1956603618133475368.png,uncertain,0.45,ambiguous cf=24.2 ed=0.20 std=67.5
tweet_1956644683654066649.png,not_brand,0.63,photo/flat cf=124.5 ed=0.20 std=58.6
tweet_1957208933069881376.png,uncertain,0.45,ambiguous cf=20.3 ed=0.20 std=53.9
tweet_1957217738390396984.png,brand_visual,0.66,layout-like cf=13.1 ed=0.20 std=94.5
tweet_1957439063276880147.png,uncertain,0.45,ambiguous cf=53.9 ed=0.20 std=93.4
tweet_1957747966896480518.png,uncertain,0.45,ambiguous cf=89.3 ed=0.20 std=50.5
tweet_1957777939187081356.png,not_brand,0.63,photo/flat cf=97.5 ed=0.20 std=103.0
tweet_1958051542939951279.png,uncertain,0.45,ambiguous cf=31.3 ed=0.20 std=55.0
tweet_1958553704430522721.png,brand_visual,0.66,layout-like cf=30.6 ed=0.20 std=53.8
tweet_1958836358560325685.png,not_brand,0.63,photo/flat cf=109.8 ed=0.20 std=86.9
tweet_1958881088945750302.png,uncertain,0.45,ambiguous cf=52.2 ed=0.20 std=75.6
tweet_1958922118340718803.png,brand_visual,0.66,layout-like cf=83.2 ed=0.20 std=81.1
tweet_1958941665512530431.png,uncertain,0.45,ambiguous cf=3.5 ed=0.18 std=50.6
tweet_1959021654392054179.png,brand_visual,0.66,layout-like cf=32.6 ed=0.20 std=35.2
tweet_1959114536457576675.png,uncertain,0.45,ambiguous cf=34.4 ed=0.20 std=71.4
tweet_1959238410234961938.png,uncertain,0.45,ambiguous cf=71.3 ed=0.18 std=87.7
tweet_1959239770015510692.png,uncertain,0.45,ambiguous cf=23.2 ed=0.20 std=67.9
tweet_1959243921663340651.png,brand_visual,0.66,layout-like cf=3.2 ed=0.20 std=86.1
tweet_1959533537289269273.png,not_brand,0.63,photo/flat cf=5.4 ed=0.20 std=77.4
tweet_1959604298419237324.png,brand_visual,0.66,layout-like cf=15.0 ed=0.20 std=89.3
tweet_1959752642235891748.png,brand_visual,0.66,layout-like cf=49.3 ed=0.20 std=75.4
tweet_1959927094005109083.png,not_brand,0.63,photo/flat cf=1.2 ed=0.02 std=68.0
tweet_1959980774049919099.png,brand_visual,0.66,layout-like cf=80.2 ed=0.20 std=81.9
tweet_1960022312465363105.png,uncertain,0.45,ambiguous cf=1.3 ed=0.20 std=90.8
tweet_1960094292179104156.png,uncertain,0.45,ambiguous cf=41.8 ed=0.20 std=67.0
tweet_1960272743460642865.png,brand_visual,0.66,layout-like cf=91.3 ed=0.19 std=45.9
tweet_1960285660558020895.png,uncertain,0.45,ambiguous cf=47.0 ed=0.20 std=81.3
tweet_1960328195711844514.png,uncertain,0.45,ambiguous cf=37.9 ed=0.20 std=99.6
tweet_1960371667768635734.png,uncertain,0.45,ambiguous cf=40.2 ed=0.20 std=79.7
tweet_1960462263284064531.png,brand_visual,0.66,layout-like cf=112.9 ed=0.20 std=88.7
tweet_1960651511077245366.png,brand_visual,0.66,layout-like cf=37.9 ed=0.20 std=112.0
tweet_1960675148387794947.png,not_brand,0.63,photo/flat cf=34.6 ed=0.06 std=70.7
tweet_1960780018101182953.png,brand_visual,0.66,layout-like cf=31.9 ed=0.20 std=73.7
tweet_1961292137099616526.png,uncertain,0.45,ambiguous cf=54.6 ed=0.20 std=71.1
tweet_1961370644286742990.png,uncertain,0.45,ambiguous cf=35.1 ed=0.20 std=71.4
tweet_1961467409249849537.png,brand_visual,0.66,layout-like cf=1.2 ed=0.20 std=110.2
tweet_1961805522111209713.png,not_brand,0.63,photo/flat cf=6.1 ed=0.11 std=33.5
tweet_1961933849035763723.png,uncertain,0.45,ambiguous cf=55.0 ed=0.20 std=76.1
tweet_1962192040344887696.png,uncertain,0.45,ambiguous cf=33.9 ed=0.20 std=91.9
tweet_1962691407413739920.png,uncertain,0.45,ambiguous cf=75.4 ed=0.20 std=74.6
tweet_1962785558213607522.png,brand_visual,0.66,layout-like cf=82.3 ed=0.20 std=95.4
tweet_1962830525594321329.png,uncertain,0.45,ambiguous cf=32.9 ed=0.20 std=76.3
tweet_1962918293234212903.png,brand_visual,0.66,layout-like cf=7.0 ed=0.20 std=81.6
tweet_1963124605922734481.png,not_brand,0.63,photo/flat cf=99.4 ed=0.20 std=64.2
tweet_1963205543612326069.png,uncertain,0.45,ambiguous cf=48.6 ed=0.20 std=78.5
tweet_1963270072232992851.png,not_brand,0.63,photo/flat cf=1.2 ed=0.01 std=66.3
tweet_1963547161930633507.png,uncertain,0.45,ambiguous cf=55.4 ed=0.20 std=74.4
tweet_1963629551604453847.png,uncertain,0.45,ambiguous cf=35.9 ed=0.20 std=92.4
tweet_1963642864698573070.png,uncertain,0.45,ambiguous cf=18.4 ed=0.20 std=55.5
tweet_1963908526591398067.png,uncertain,0.45,ambiguous cf=44.2 ed=0.20 std=104.9
tweet_1963965345385132270.png,brand_visual,0.66,layout-like cf=23.0 ed=0.20 std=50.8
tweet_1963989332936565038.png,not_brand,0.63,photo/flat cf=134.1 ed=0.13 std=46.3
tweet_1964088893130887381.png,uncertain,0.45,ambiguous cf=53.6 ed=0.20 std=63.7
tweet_1964091421004353671.png,uncertain,0.45,ambiguous cf=56.3 ed=0.20 std=73.5
tweet_1964323438501187622.png,uncertain,0.45,ambiguous cf=38.7 ed=0.20 std=69.6
tweet_1964332489478185448.png,uncertain,0.45,ambiguous cf=29.4 ed=0.20 std=78.3
tweet_1964465721129521297.png,uncertain,0.45,ambiguous cf=1.8 ed=0.13 std=44.5
tweet_1964600198262390888.png,brand_visual,0.66,layout-like cf=5.9 ed=0.20 std=59.9
tweet_1964969884913426466.png,brand_visual,0.66,layout-like cf=71.6 ed=0.20 std=64.0
tweet_1964995961257902393.png,not_brand,0.63,photo/flat cf=1.3 ed=0.02 std=73.3
tweet_1965022314904289732.png,uncertain,0.45,ambiguous cf=86.1 ed=0.20 std=70.7
tweet_1965030531101511691.png,uncertain,0.45,ambiguous cf=3.5 ed=0.18 std=98.1
tweet_1965430048632242410.png,brand_visual,0.66,layout-like cf=42.8 ed=0.20 std=86.1
tweet_1965445219614425347.png,not_brand,0.63,photo/flat cf=1.3 ed=0.02 std=73.4
tweet_1965526946542154086.png,uncertain,0.45,ambiguous cf=1.2 ed=0.17 std=99.9
tweet_1965531265211449434.png,uncertain,0.45,ambiguous cf=44.0 ed=0.20 std=67.6
tweet_1965544973161693265.png,uncertain,0.45,ambiguous cf=36.2 ed=0.20 std=88.1
tweet_1965830185510457576.png,brand_visual,0.66,layout-like cf=22.6 ed=0.19 std=57.2
tweet_1965878951491829938.png,uncertain,0.45,ambiguous cf=45.1 ed=0.20 std=75.7
tweet_1965898134535762259.png,brand_visual,0.66,layout-like cf=40.2 ed=0.20 std=106.0
tweet_1966120867173462101.png,not_brand,0.63,photo/flat cf=1.3 ed=0.02 std=3.7
tweet_1966157539914956802.png,uncertain,0.45,ambiguous cf=79.1 ed=0.20 std=105.4
tweet_1966183543308276210.png,brand_visual,0.66,layout-like cf=35.8 ed=0.20 std=89.3
tweet_1966204682009018869.png,uncertain,0.45,ambiguous cf=30.7 ed=0.20 std=70.8
tweet_1966231768811585795.png,uncertain,0.45,ambiguous cf=10.8 ed=0.07 std=25.4
tweet_1966290970527605140.png,uncertain,0.45,ambiguous cf=91.0 ed=0.20 std=71.7
tweet_1966322023485026519.png,uncertain,0.45,ambiguous cf=60.9 ed=0.20 std=76.7
tweet_1966378635302154310.png,brand_visual,0.66,layout-like cf=45.4 ed=0.19 std=43.7
tweet_1966414211132621279.png,brand_visual,0.66,layout-like cf=48.3 ed=0.20 std=65.2
tweet_1966445268339159546.png,uncertain,0.45,ambiguous cf=73.8 ed=0.20 std=66.8
tweet_1966468746773499987.png,uncertain,0.45,ambiguous cf=92.1 ed=0.16 std=59.0
tweet_1966544319516402105.png,brand_visual,0.66,layout-like cf=10.1 ed=0.19 std=36.0
tweet_1966595436845670873.png,brand_visual,0.66,layout-like cf=19.4 ed=0.20 std=92.7
tweet_1966863492860047523.png,uncertain,0.45,ambiguous cf=31.3 ed=0.20 std=67.5
tweet_1966897410593919278.png,uncertain,0.45,ambiguous cf=21.1 ed=0.16 std=24.2
tweet_1966904981694620032.png,uncertain,0.45,ambiguous cf=47.2 ed=0.20 std=48.1
tweet_1966943753207255505.png,not_brand,0.63,photo/flat cf=1.3 ed=0.02 std=70.7
tweet_1967143137190834267.png,brand_visual,0.66,layout-like cf=89.7 ed=0.20 std=93.0
tweet_1967172492159816138.png,brand_visual,0.66,layout-like cf=27.6 ed=0.20 std=41.3
tweet_1967226014960078887.png,brand_visual,0.66,layout-like cf=39.7 ed=0.20 std=94.0
tweet_1967266768164114876.png,brand_visual,0.66,layout-like cf=82.8 ed=0.20 std=87.4
tweet_1967324979256819948.png,uncertain,0.45,ambiguous cf=21.4 ed=0.20 std=67.0
tweet_1967353450741862775.png,uncertain,0.45,ambiguous cf=69.3 ed=0.20 std=77.2
tweet_1967959418001297462.png,not_brand,0.63,photo/flat cf=2.9 ed=0.20 std=61.8
tweet_1968346206645682450.png,not_brand,0.63,photo/flat cf=1.3 ed=0.02 std=3.6
tweet_1968616026121068695.png,uncertain,0.45,ambiguous cf=32.7 ed=0.20 std=72.5
tweet_1969162561590354108.png,brand_visual,0.66,layout-like cf=45.4 ed=0.20 std=100.4
tweet_1969732357700587708.png,uncertain,0.45,ambiguous cf=1.2 ed=0.20 std=72.3
tweet_1970171736898285672.png,uncertain,0.45,ambiguous cf=18.6 ed=0.20 std=78.3
tweet_1970208043183792233.png,uncertain,0.45,ambiguous cf=62.7 ed=0.20 std=63.5
tweet_1970240325554970881.png,not_brand,0.63,photo/flat cf=1.3 ed=0.02 std=70.2
tweet_1970541285615264071.png,uncertain,0.45,ambiguous cf=76.2 ed=0.05 std=38.1
tweet_1970824023836868661.png,not_brand,0.63,photo/flat cf=1.3 ed=0.02 std=68.9
tweet_1970858258341773737.png,uncertain,0.45,ambiguous cf=20.3 ed=0.20 std=67.9
tweet_1970920369063391707.png,not_brand,0.63,photo/flat cf=1.3 ed=0.02 std=3.6
tweet_1970939120265658779.png,brand_visual,0.66,layout-like cf=65.9 ed=0.20 std=89.6
tweet_1971234855309672467.png,uncertain,0.45,ambiguous cf=24.5 ed=0.20 std=66.0
tweet_1971311330448838808.png,uncertain,0.45,ambiguous cf=61.0 ed=0.20 std=66.1
tweet_1971650982674354616.png,uncertain,0.45,ambiguous cf=26.1 ed=0.20 std=58.7
tweet_1971660381560230315.png,brand_visual,0.66,layout-like cf=39.7 ed=0.20 std=83.7
tweet_1971676668256571392.png,brand_visual,0.66,layout-like cf=99.1 ed=0.20 std=81.2
tweet_1971871515156124077.png,uncertain,0.45,ambiguous cf=44.3 ed=0.20 std=73.9
tweet_1971967929446175128.png,brand_visual,0.66,layout-like cf=54.7 ed=0.20 std=70.7
tweet_1972060890389533168.png,uncertain,0.45,ambiguous cf=44.5 ed=0.20 std=87.2
tweet_1972720594832556497.png,uncertain,0.45,ambiguous cf=43.2 ed=0.15 std=42.9
tweet_1972958605168242948.png,uncertain,0.45,ambiguous cf=81.2 ed=0.19 std=36.1
tweet_1973012868808511771.png,brand_visual,0.66,layout-like cf=63.0 ed=0.20 std=93.4
tweet_1973092987610579337.png,brand_visual,0.66,layout-like cf=55.8 ed=0.20 std=76.4
tweet_1973135300147945489.png,uncertain,0.45,ambiguous cf=19.2 ed=0.20 std=62.1
tweet_1973843328006492569.png,uncertain,0.45,ambiguous cf=34.6 ed=0.20 std=76.5
tweet_1974087774572892534.png,uncertain,0.45,ambiguous cf=27.3 ed=0.20 std=56.8
tweet_1974140950592024795.png,brand_visual,0.66,layout-like cf=26.8 ed=0.20 std=90.3
tweet_1974455131900190780.png,uncertain,0.45,ambiguous cf=39.4 ed=0.20 std=76.0
tweet_1974505919405851051.png,not_brand,0.63,photo/flat cf=1.8 ed=0.13 std=79.5
tweet_1974739251611992228.png,uncertain,0.45,ambiguous cf=19.2 ed=0.20 std=63.5
tweet_1974845089215365146.png,uncertain,0.45,ambiguous cf=23.9 ed=0.20 std=53.9
tweet_1974886762582524168.png,not_brand,0.63,photo/flat cf=2.1 ed=0.20 std=74.4
tweet_1975112347741299187.png,brand_visual,0.66,layout-like cf=8.5 ed=0.20 std=53.1
tweet_1975123866553840118.png,uncertain,0.45,ambiguous cf=72.3 ed=0.20 std=32.8
tweet_1975161678313791878.png,brand_visual,0.66,layout-like cf=11.2 ed=0.18 std=106.8
tweet_1975208178175594708.png,uncertain,0.45,ambiguous cf=5.0 ed=0.19 std=77.9
tweet_1975470922300858391.png,uncertain,0.45,ambiguous cf=27.6 ed=0.20 std=55.4
tweet_1975512526633799935.png,uncertain,0.45,ambiguous cf=49.9 ed=0.04 std=93.6
tweet_1975544197425094729.png,brand_visual,0.66,layout-like cf=9.6 ed=0.20 std=120.6
tweet_1975554728395460866.png,not_brand,0.63,photo/flat cf=108.1 ed=0.20 std=77.0
tweet_1975558092634136834.png,uncertain,0.45,ambiguous cf=79.1 ed=0.20 std=79.2
tweet_1975574103156195771.png,brand_visual,0.66,layout-like cf=24.9 ed=0.20 std=63.5
tweet_1975575345198997566.png,uncertain,0.45,ambiguous cf=29.4 ed=0.20 std=79.6
tweet_1975591265178951697.png,not_brand,0.63,photo/flat cf=4.1 ed=0.07 std=49.4
tweet_1975809138103136740.png,not_brand,0.63,photo/flat cf=1.2 ed=0.03 std=10.3
tweet_1975828377836597657.png,not_brand,0.63,photo/flat cf=30.1 ed=0.05 std=21.2
tweet_1975871553951961370.png,brand_visual,0.66,layout-like cf=48.2 ed=0.20 std=41.5
tweet_1975886393831297328.png,brand_visual,0.66,layout-like cf=27.6 ed=0.20 std=92.0
tweet_1975886683913769390.png,uncertain,0.45,ambiguous cf=88.5 ed=0.20 std=89.4
tweet_1975902526391345281.png,uncertain,0.45,ambiguous cf=73.9 ed=0.20 std=41.1
tweet_1975915449801224434.png,brand_visual,0.66,layout-like cf=29.0 ed=0.20 std=54.1
tweet_1975920588372771249.png,not_brand,0.63,photo/flat cf=121.0 ed=0.18 std=44.9
tweet_1975923799498383806.png,not_brand,0.63,photo/flat cf=1.5 ed=0.04 std=13.5
tweet_1975939251670831140.png,brand_visual,0.66,layout-like cf=53.4 ed=0.20 std=77.5
tweet_1976145210573746534.png,brand_visual,0.66,layout-like cf=70.6 ed=0.20 std=52.5
tweet_1976152046630998387.png,brand_visual,0.66,layout-like cf=130.2 ed=0.20 std=80.8
tweet_1976182603414962273.png,brand_visual,0.66,layout-like cf=10.7 ed=0.20 std=82.2
tweet_1976199220932776261.png,uncertain,0.45,ambiguous cf=64.7 ed=0.20 std=65.2
tweet_1976208301307330989.png,brand_visual,0.66,layout-like cf=10.0 ed=0.20 std=35.6
tweet_1976264605836976295.png,uncertain,0.45,ambiguous cf=34.2 ed=0.20 std=93.3
tweet_1976274793226748229.png,brand_visual,0.66,layout-like cf=37.6 ed=0.20 std=97.3
tweet_1976295405605556395.png,uncertain,0.45,ambiguous cf=32.9 ed=0.20 std=70.8
tweet_1976328515160268921.png,brand_visual,0.66,layout-like cf=44.4 ed=0.20 std=101.9
tweet_1976331547096871091.png,not_brand,0.63,photo/flat cf=1.3 ed=0.13 std=39.8
tweet_1976580968711594077.png,uncertain,0.45,ambiguous cf=61.9 ed=0.20 std=69.1
tweet_1976685614444810410.png,uncertain,0.45,ambiguous cf=64.9 ed=0.20 std=51.3
tweet_1976688980268839410.png,uncertain,0.45,ambiguous cf=17.7 ed=0.20 std=91.4
tweet_1976879563478356377.png,brand_visual,0.66,layout-like cf=4.1 ed=0.20 std=35.3
tweet_1976986736191492479.png,uncertain,0.45,ambiguous cf=94.2 ed=0.20 std=67.2
tweet_1977066774391931073.png,brand_visual,0.66,layout-like cf=6.7 ed=0.20 std=97.4
tweet_1977291015762383011.png,uncertain,0.45,ambiguous cf=23.9 ed=0.14 std=67.6
tweet_1977469955135414470.png,not_brand,0.63,photo/flat cf=1.3 ed=0.02 std=73.1
tweet_1977472044607611116.png,uncertain,0.45,ambiguous cf=106.8 ed=0.20 std=87.2
tweet_1977509970854752278.png,brand_visual,0.66,layout-like cf=32.9 ed=0.20 std=104.3
tweet_1977644724824711492.png,brand_visual,0.66,layout-like cf=73.9 ed=0.20 std=80.0
tweet_1977659164538069225.png,uncertain,0.45,ambiguous cf=88.5 ed=0.20 std=74.3
tweet_1977661877896257816.png,brand_visual,0.66,layout-like cf=16.7 ed=0.20 std=37.1
tweet_1977665958962487459.png,not_brand,0.63,photo/flat cf=110.0 ed=0.20 std=72.1
tweet_1977699422575173982.png,uncertain,0.45,ambiguous cf=42.7 ed=0.20 std=69.8
tweet_1977720985001382205.png,brand_visual,0.66,layout-like cf=30.6 ed=0.20 std=113.8
tweet_1977755792213151924.png,uncertain,0.45,ambiguous cf=49.2 ed=0.20 std=74.4
tweet_1977831782100992093.png,brand_visual,0.66,layout-like cf=19.2 ed=0.20 std=80.1
tweet_1978067511976264043.png,uncertain,0.45,ambiguous cf=39.8 ed=0.20 std=47.4
tweet_1978075068040192276.png,brand_visual,0.66,layout-like cf=12.5 ed=0.20 std=93.1
tweet_1978142505934979141.png,not_brand,0.63,photo/flat cf=1.2 ed=0.01 std=4.6
tweet_1978255852554387867.png,uncertain,0.45,ambiguous cf=76.0 ed=0.20 std=94.5
tweet_1978279224378007816.png,brand_visual,0.66,layout-like cf=53.1 ed=0.20 std=63.6
tweet_1978392120374305233.png,uncertain,0.45,ambiguous cf=39.3 ed=0.20 std=77.8
tweet_1978403799938236599.png,uncertain,0.45,ambiguous cf=58.8 ed=0.20 std=88.9
tweet_1978428143326151108.png,brand_visual,0.66,layout-like cf=67.6 ed=0.20 std=81.0
tweet_1978428396318179618.png,not_brand,0.63,photo/flat cf=3.2 ed=0.08 std=86.0
tweet_1978431643690905634.png,not_brand,0.63,photo/flat cf=107.1 ed=0.20 std=75.0
tweet_1978475957175324775.png,uncertain,0.45,ambiguous cf=98.0 ed=0.20 std=73.8
tweet_1978479691687235631.png,brand_visual,0.66,layout-like cf=84.2 ed=0.20 std=65.0
tweet_1978498976136491448.png,brand_visual,0.66,layout-like cf=37.0 ed=0.20 std=99.0
tweet_1978531949682508193.png,uncertain,0.45,ambiguous cf=68.0 ed=0.20 std=81.1
tweet_1978728895701815704.png,not_brand,0.63,photo/flat cf=99.8 ed=0.20 std=59.9
tweet_1978769691582603551.png,brand_visual,0.66,layout-like cf=33.5 ed=0.20 std=69.2
tweet_1978836528957739018.png,uncertain,0.45,ambiguous cf=25.3 ed=0.20 std=112.3
tweet_1978984966353477801.png,brand_visual,0.66,layout-like cf=3.1 ed=0.20 std=90.5
tweet_1979009952606781930.png,brand_visual,0.66,layout-like cf=79.3 ed=0.20 std=91.7
tweet_1979115574421516617.png,brand_visual,0.66,layout-like cf=27.4 ed=0.20 std=85.2
tweet_1979203328018964987.png,brand_visual,0.66,layout-like cf=32.2 ed=0.20 std=90.6
tweet_1979209699560919496.png,uncertain,0.45,ambiguous cf=120.2 ed=0.20 std=53.6
tweet_1979292037028647109.png,brand_visual,0.66,layout-like cf=5.0 ed=0.20 std=47.0
tweet_1979432693830996292.png,uncertain,0.45,ambiguous cf=76.6 ed=0.20 std=75.9
tweet_1979460624187805698.png,brand_visual,0.66,layout-like cf=42.0 ed=0.20 std=49.9
tweet_1979532786785488950.png,uncertain,0.45,ambiguous cf=19.3 ed=0.20 std=78.3
tweet_1979536479773667450.png,uncertain,0.45,ambiguous cf=25.7 ed=0.20 std=85.6
tweet_1979558115864408102.png,uncertain,0.45,ambiguous cf=6.8 ed=0.20 std=46.0
tweet_1979692658420228526.png,brand_visual,0.66,layout-like cf=68.4 ed=0.20 std=73.0
tweet_1979967480853655636.png,uncertain,0.45,ambiguous cf=40.0 ed=0.20 std=101.3
tweet_1980215246116786444.png,uncertain,0.45,ambiguous cf=60.3 ed=0.20 std=73.0
tweet_1980254037674021258.png,brand_visual,0.66,layout-like cf=1.8 ed=0.20 std=105.5
tweet_1980271439556096005.png,not_brand,0.63,photo/flat cf=97.6 ed=0.20 std=104.5
tweet_1980294829159682347.png,uncertain,0.45,ambiguous cf=73.7 ed=0.20 std=36.9
tweet_1980302998623723942.png,uncertain,0.45,ambiguous cf=43.0 ed=0.10 std=65.4
tweet_1980303495631900966.png,uncertain,0.45,ambiguous cf=33.5 ed=0.20 std=72.6
tweet_1980313003817070867.png,uncertain,0.45,ambiguous cf=31.1 ed=0.20 std=49.9
tweet_1980321554652393771.png,uncertain,0.45,ambiguous cf=46.5 ed=0.18 std=28.8
tweet_1980342349151732155.png,brand_visual,0.66,layout-like cf=23.6 ed=0.19 std=87.6
tweet_1980348357911671253.png,uncertain,0.45,ambiguous cf=80.8 ed=0.20 std=64.4
tweet_1980350260028600497.png,brand_visual,0.66,layout-like cf=130.5 ed=0.20 std=80.9
tweet_1980355759205650513.png,uncertain,0.45,ambiguous cf=5.8 ed=0.20 std=76.5
tweet_1980608042929426932.png,uncertain,0.45,ambiguous cf=88.5 ed=0.20 std=79.9
tweet_1980625881623326797.png,brand_visual,0.66,layout-like cf=18.3 ed=0.20 std=52.5
tweet_1980627077410828547.png,uncertain,0.45,ambiguous cf=94.1 ed=0.20 std=56.9
tweet_1980628993758855615.png,not_brand,0.63,photo/flat cf=1.4 ed=0.02 std=74.8
tweet_1980664140332253220.png,brand_visual,0.66,layout-like cf=39.7 ed=0.20 std=47.4
tweet_1980676892114964843.png,uncertain,0.45,ambiguous cf=4.9 ed=0.20 std=106.7
tweet_1980679209031987600.png,brand_visual,0.66,layout-like cf=18.8 ed=0.20 std=77.2
tweet_1980691362954784847.png,brand_visual,0.66,layout-like cf=28.0 ed=0.20 std=90.6
tweet_1980691777695924468.png,not_brand,0.63,photo/flat cf=10.4 ed=0.06 std=37.6
tweet_1980725639956062496.png,brand_visual,0.66,layout-like cf=28.6 ed=0.20 std=79.0
tweet_1980754110367338589.png,uncertain,0.45,ambiguous cf=40.0 ed=0.20 std=94.1
tweet_1980784521558872106.png,uncertain,0.45,ambiguous cf=47.7 ed=0.20 std=97.1
tweet_1980946839122870613.png,brand_visual,0.66,layout-like cf=27.4 ed=0.20 std=44.5
tweet_1980956658315464714.png,not_brand,0.63,photo/flat cf=1.5 ed=0.03 std=83.8
tweet_1980977457605062754.png,not_brand,0.63,photo/flat cf=6.3 ed=0.10 std=82.0
tweet_1980989500139634815.png,not_brand,0.63,photo/flat cf=1.3 ed=0.03 std=64.5
tweet_1980998324363854078.png,uncertain,0.45,ambiguous cf=1.3 ed=0.20 std=91.9
tweet_1981039703550750986.png,brand_visual,0.66,layout-like cf=146.1 ed=0.20 std=84.3
tweet_1981048414776549710.png,uncertain,0.45,ambiguous cf=17.7 ed=0.20 std=38.9
tweet_1981169010076242192.png,uncertain,0.45,ambiguous cf=44.3 ed=0.20 std=90.1
tweet_1981186590572483005.png,not_brand,0.63,photo/flat cf=107.4 ed=0.20 std=41.3
tweet_1981247191961186712.png,uncertain,0.45,ambiguous cf=40.7 ed=0.20 std=75.3
tweet_1981314119190913102.png,not_brand,0.63,photo/flat cf=15.6 ed=0.13 std=40.1
tweet_1981314736127168732.png,not_brand,0.63,photo/flat cf=9.0 ed=0.10 std=21.7
tweet_1981326173499015285.png,uncertain,0.45,ambiguous cf=25.1 ed=0.20 std=75.2
tweet_1981333200715895039.png,not_brand,0.63,photo/flat cf=8.5 ed=0.11 std=33.2
tweet_1981340009949970609.png,uncertain,0.45,ambiguous cf=50.5 ed=0.15 std=56.9
tweet_1981342279689523532.png,brand_visual,0.66,layout-like cf=76.1 ed=0.19 std=90.6
tweet_1981359860374491438.png,not_brand,0.63,photo/flat cf=1.3 ed=0.02 std=73.1
tweet_1981377106199400895.png,uncertain,0.45,ambiguous cf=88.9 ed=0.20 std=94.7
tweet_1981405382754128099.png,not_brand,0.63,photo/flat cf=109.7 ed=0.20 std=93.9
tweet_1981431704305754258.png,uncertain,0.45,ambiguous cf=155.5 ed=0.20 std=67.2
tweet_1981478314549420396.png,uncertain,0.45,ambiguous cf=39.7 ed=0.20 std=83.9
tweet_1981521521198678073.png,uncertain,0.45,ambiguous cf=20.5 ed=0.20 std=62.1
tweet_1981692241820483723.png,uncertain,0.45,ambiguous cf=54.1 ed=0.14 std=24.1
tweet_1981708095299764336.png,brand_visual,0.66,layout-like cf=26.2 ed=0.20 std=105.2
tweet_1981725365178364356.png,brand_visual,0.66,layout-like cf=10.3 ed=0.20 std=120.4
tweet_1981814074179825856.png,uncertain,0.45,ambiguous cf=1.2 ed=0.20 std=85.3
tweet_1981832100316610836.png,uncertain,0.45,ambiguous cf=71.3 ed=0.20 std=80.3
tweet_1981850472177602731.png,not_brand,0.63,photo/flat cf=102.7 ed=0.20 std=71.9
tweet_1981941820364890177.png,brand_visual,0.66,layout-like cf=29.2 ed=0.20 std=56.1
tweet_1981962458303504872.png,brand_visual,0.66,layout-like cf=19.0 ed=0.20 std=32.4
tweet_1982025793057529867.png,not_brand,0.63,photo/flat cf=6.7 ed=0.08 std=73.1
tweet_1982151138376900847.png,brand_visual,0.66,layout-like cf=93.2 ed=0.20 std=87.6
tweet_1982261140840190133.png,uncertain,0.45,ambiguous cf=27.3 ed=0.20 std=52.6
tweet_1982384002473554401.png,uncertain,0.45,ambiguous cf=23.6 ed=0.20 std=88.3
tweet_1982484230782509122.png,not_brand,0.63,photo/flat cf=1.3 ed=0.02 std=70.4
tweet_1982709160002421148.png,not_brand,0.63,photo/flat cf=1.3 ed=0.02 std=71.5
tweet_1982838301381030081.png,uncertain,0.45,ambiguous cf=22.1 ed=0.20 std=90.0
tweet_1982871049999118376.png,uncertain,0.45,ambiguous cf=10.3 ed=0.20 std=71.0
tweet_1982930437996679462.png,brand_visual,0.66,layout-like cf=73.8 ed=0.20 std=48.2
tweet_1982964266920751467.png,uncertain,0.45,ambiguous cf=132.4 ed=0.20 std=90.7
tweet_1983141957380546697.png,uncertain,0.45,ambiguous cf=5.1 ed=0.14 std=50.6
tweet_1983202401898377287.png,not_brand,0.63,photo/flat cf=1.3 ed=0.13 std=29.1
tweet_1983215063654600796.png,not_brand,0.63,photo/flat cf=24.1 ed=0.12 std=80.0
tweet_1983463210847244657.png,brand_visual,0.66,layout-like cf=90.0 ed=0.20 std=83.8
tweet_1983498126804521250.png,brand_visual,0.66,layout-like cf=32.9 ed=0.20 std=71.1
tweet_1983555135470031255.png,not_brand,0.63,photo/flat cf=95.4 ed=0.20 std=91.5
tweet_1983562661431243211.png,not_brand,0.63,photo/flat cf=1.3 ed=0.02 std=73.6
tweet_1983595182147662016.png,not_brand,0.63,photo/flat cf=1.3 ed=0.02 std=71.1
tweet_1983669248166916182.png,uncertain,0.45,ambiguous cf=37.7 ed=0.18 std=73.4
tweet_1983934447088009707.png,brand_visual,0.66,layout-like cf=48.1 ed=0.20 std=49.6
tweet_1983960584648548787.png,uncertain,0.45,ambiguous cf=11.2 ed=0.20 std=92.4
tweet_1984085667299623368.png,not_brand,0.63,photo/flat cf=15.5 ed=0.18 std=30.8
tweet_1984098674478309585.png,brand_visual,0.66,layout-like cf=29.1 ed=0.20 std=115.7
tweet_1984203222815240221.png,brand_visual,0.66,layout-like cf=110.7 ed=0.20 std=95.3
tweet_1984208380173672806.png,uncertain,0.45,ambiguous cf=60.2 ed=0.20 std=82.6
tweet_1984226576658256100.png,brand_visual,0.66,layout-like cf=5.4 ed=0.19 std=108.4
tweet_1984259815028510800.png,uncertain,0.45,ambiguous cf=11.5 ed=0.20 std=62.0
tweet_1984281525291024707.png,not_brand,0.63,photo/flat cf=1.4 ed=0.02 std=76.2
tweet_1984325826163458313.png,brand_visual,0.66,layout-like cf=22.6 ed=0.20 std=85.4
tweet_1984351554619785326.png,uncertain,0.45,ambiguous cf=11.3 ed=0.20 std=80.5
tweet_1984352387512062269.png,uncertain,0.45,ambiguous cf=25.4 ed=0.20 std=41.7
tweet_1984355216482058728.png,brand_visual,0.66,layout-like cf=43.0 ed=0.20 std=85.6
tweet_1984425156559999205.png,uncertain,0.45,ambiguous cf=16.1 ed=0.20 std=66.8
tweet_1984481688932794767.png,uncertain,0.45,ambiguous cf=80.6 ed=0.20 std=74.2
tweet_1984486280714207269.png,uncertain,0.45,ambiguous cf=30.1 ed=0.20 std=78.0
tweet_1984586651533000738.png,brand_visual,0.66,layout-like cf=32.5 ed=0.20 std=90.0
tweet_1984628242309951657.png,brand_visual,0.66,layout-like cf=29.4 ed=0.20 std=48.4
tweet_1984640678438011107.png,uncertain,0.45,ambiguous cf=26.9 ed=0.20 std=89.8
tweet_1984660437833793774.png,brand_visual,0.66,layout-like cf=48.1 ed=0.20 std=90.4
tweet_1984675149199917421.png,brand_visual,0.66,layout-like cf=98.8 ed=0.20 std=94.3
tweet_1984867037009805340.png,uncertain,0.45,ambiguous cf=28.2 ed=0.20 std=47.3
tweet_1984906012693016781.png,brand_visual,0.66,layout-like cf=105.0 ed=0.20 std=80.1
tweet_1984911671148904737.png,brand_visual,0.66,layout-like cf=70.1 ed=0.20 std=68.3
tweet_1984974510550851835.png,brand_visual,0.66,layout-like cf=39.1 ed=0.20 std=73.9
tweet_1985013020586610869.png,uncertain,0.45,ambiguous cf=55.8 ed=0.20 std=91.0
tweet_1985017796305015133.png,brand_visual,0.66,layout-like cf=60.5 ed=0.20 std=75.8
tweet_1985112524958961780.png,uncertain,0.45,ambiguous cf=6.5 ed=0.20 std=67.6
tweet_1985115010096406759.png,uncertain,0.45,ambiguous cf=54.5 ed=0.20 std=51.7
tweet_1985256481134944731.png,uncertain,0.45,ambiguous cf=23.5 ed=0.04 std=23.2
tweet_1985275329729175553.png,uncertain,0.45,ambiguous cf=18.6 ed=0.20 std=70.4
tweet_1985321992304644474.png,uncertain,0.45,ambiguous cf=15.2 ed=0.16 std=66.6
tweet_1985323129921560999.png,brand_visual,0.66,layout-like cf=93.5 ed=0.20 std=96.6
tweet_1985335112444055860.png,not_brand,0.63,photo/flat cf=1.5 ed=0.02 std=4.0
tweet_1985356140595511688.png,brand_visual,0.66,layout-like cf=94.5 ed=0.20 std=86.5
tweet_1985360590160712019.png,uncertain,0.45,ambiguous cf=34.6 ed=0.20 std=77.5
tweet_1985370807363948899.png,not_brand,0.63,photo/flat cf=1.3 ed=0.02 std=3.7
tweet_1985376785500893549.png,uncertain,0.45,ambiguous cf=53.3 ed=0.20 std=82.6
tweet_1985418556172055028.png,not_brand,0.63,photo/flat cf=18.2 ed=0.10 std=61.1
tweet_1985444693384314942.png,not_brand,0.63,photo/flat cf=1.3 ed=0.15 std=13.8
tweet_1985504288010092797.png,not_brand,0.63,photo/flat cf=1.3 ed=0.02 std=3.7
tweet_1985628357221068906.png,uncertain,0.45,ambiguous cf=72.5 ed=0.14 std=89.5
tweet_1985648282077381043.png,uncertain,0.45,ambiguous cf=23.9 ed=0.10 std=24.6
tweet_1985648346967794020.png,uncertain,0.45,ambiguous cf=1.2 ed=0.20 std=77.3
tweet_1985667937664188649.png,uncertain,0.45,ambiguous cf=8.1 ed=0.16 std=15.4
tweet_1985693519793807538.png,not_brand,0.63,photo/flat cf=1.3 ed=0.02 std=72.9
tweet_1985693853895065663.png,uncertain,0.45,ambiguous cf=44.1 ed=0.07 std=46.1
tweet_1985703094509060404.png,brand_visual,0.66,layout-like cf=82.4 ed=0.20 std=88.1
tweet_1985714647476158782.png,uncertain,0.45,ambiguous cf=18.1 ed=0.20 std=98.1
tweet_1985721046289584445.png,not_brand,0.63,photo/flat cf=26.7 ed=0.09 std=34.9
tweet_1985727323727872077.png,brand_visual,0.66,layout-like cf=30.3 ed=0.20 std=37.7
tweet_1985738920236367937.png,uncertain,0.45,ambiguous cf=8.7 ed=0.20 std=36.9
tweet_1985759647244902651.png,brand_visual,0.66,layout-like cf=16.7 ed=0.19 std=99.5
tweet_1985765414324908495.png,brand_visual,0.66,layout-like cf=38.2 ed=0.20 std=94.4
tweet_1985775761425400200.png,uncertain,0.45,ambiguous cf=72.7 ed=0.20 std=68.8
tweet_1985782930548138449.png,uncertain,0.45,ambiguous cf=10.6 ed=0.20 std=95.5
tweet_1985786103262331385.png,uncertain,0.45,ambiguous cf=94.1 ed=0.20 std=98.2
tweet_1985786999563812885.png,not_brand,0.63,photo/flat cf=14.1 ed=0.04 std=46.6
tweet_1985788265136574627.png,uncertain,0.45,ambiguous cf=31.1 ed=0.18 std=45.2
tweet_1985794570035044861.png,uncertain,0.45,ambiguous cf=23.6 ed=0.04 std=24.7
tweet_1985832542608769485.png,uncertain,0.45,ambiguous cf=50.0 ed=0.18 std=95.0
tweet_1985862178939797559.png,uncertain,0.45,ambiguous cf=79.2 ed=0.20 std=72.7
tweet_1985899467933995121.png,uncertain,0.45,ambiguous cf=30.2 ed=0.20 std=55.4
tweet_1985935108147462322.png,not_brand,0.63,photo/flat cf=2.9 ed=0.07 std=78.9
tweet_1985987037539815690.png,uncertain,0.45,ambiguous cf=45.9 ed=0.20 std=70.0
tweet_1986009371705282601.png,brand_visual,0.66,layout-like cf=112.8 ed=0.20 std=79.4
tweet_1986029306364285155.png,brand_visual,0.66,layout-like cf=45.5 ed=0.20 std=91.2
tweet_1986139278632505558.png,not_brand,0.63,photo/flat cf=121.7 ed=0.20 std=69.5
tweet_1986154437128475117.png,uncertain,0.45,ambiguous cf=54.3 ed=0.20 std=102.3
tweet_1986268789034655826.png,brand_visual,0.66,layout-like cf=47.9 ed=0.20 std=94.5
tweet_1986271034572689707.png,uncertain,0.45,ambiguous cf=37.4 ed=0.20 std=97.1
tweet_1986357703959253166.png,brand_visual,0.66,layout-like cf=43.7 ed=0.20 std=83.3
tweet_1986388125313319395.png,not_brand,0.63,photo/flat cf=1.4 ed=0.19 std=73.9
tweet_1986390353377968520.png,brand_visual,0.66,layout-like cf=23.3 ed=0.20 std=96.5
tweet_1986390965394022744.png,not_brand,0.63,photo/flat cf=1.2 ed=0.01 std=66.3
tweet_1986416319550332975.png,brand_visual,0.66,layout-like cf=28.2 ed=0.20 std=56.7
tweet_1986420974091223144.png,uncertain,0.45,ambiguous cf=44.1 ed=0.10 std=65.6
tweet_1986428642994364905.png,brand_visual,0.66,layout-like cf=66.2 ed=0.20 std=99.8
tweet_1986449326173004273.png,uncertain,0.45,ambiguous cf=16.9 ed=0.20 std=83.2
tweet_1986463640245948891.png,uncertain,0.45,ambiguous cf=52.3 ed=0.20 std=77.2
tweet_1986468208413487486.png,not_brand,0.63,photo/flat cf=1.4 ed=0.02 std=76.5
tweet_1986478689492647967.png,not_brand,0.63,photo/flat cf=9.9 ed=0.06 std=74.1
tweet_1986483052063637719.png,not_brand,0.63,photo/flat cf=1.2 ed=0.02 std=63.6
tweet_1986487521757270216.png,uncertain,0.45,ambiguous cf=37.2 ed=0.20 std=94.6
tweet_1986539086988124425.png,uncertain,0.45,ambiguous cf=74.6 ed=0.20 std=76.8
tweet_1986635963318346118.png,uncertain,0.45,ambiguous cf=47.7 ed=0.20 std=69.6
tweet_1986669658007871861.png,not_brand,0.63,photo/flat cf=8.0 ed=0.20 std=8.7
tweet_1986700944898154607.png,brand_visual,0.66,layout-like cf=84.8 ed=0.19 std=102.2
tweet_1986739937845067897.png,brand_visual,0.66,layout-like cf=61.2 ed=0.20 std=84.4
tweet_1986786276616388721.png,not_brand,0.63,photo/flat cf=17.1 ed=0.17 std=73.7
tweet_1986822201496993818.png,uncertain,0.45,ambiguous cf=12.7 ed=0.20 std=68.3
tweet_1986823026852102349.png,uncertain,0.45,ambiguous cf=67.9 ed=0.20 std=66.8
tweet_1986839344196559301.png,uncertain,0.45,ambiguous cf=40.5 ed=0.20 std=68.3
tweet_1986862660772655320.png,brand_visual,0.66,layout-like cf=26.3 ed=0.20 std=110.7
tweet_1986979144014701026.png,uncertain,0.45,ambiguous cf=69.8 ed=0.20 std=67.0
tweet_1986984822598775070.png,uncertain,0.45,ambiguous cf=34.4 ed=0.20 std=74.5
tweet_1987193751027241121.png,not_brand,0.63,photo/flat cf=1.3 ed=0.02 std=3.6
tweet_1987203716051538370.png,uncertain,0.45,ambiguous cf=5.9 ed=0.20 std=92.8
tweet_1987213627632255219.png,brand_visual,0.66,layout-like cf=66.7 ed=0.20 std=109.9
tweet_1987220322358272205.png,brand_visual,0.66,layout-like cf=54.5 ed=0.20 std=86.2
tweet_1987372442466017437.png,uncertain,0.45,ambiguous cf=31.1 ed=0.20 std=60.7
tweet_1987478233814548754.png,brand_visual,0.66,layout-like cf=64.1 ed=0.20 std=75.5
tweet_1987490408985948288.png,brand_visual,0.66,layout-like cf=49.3 ed=0.20 std=83.6
tweet_1987504071897387227.png,brand_visual,0.66,layout-like cf=49.5 ed=0.19 std=103.7
tweet_1987731993866702921.png,uncertain,0.45,ambiguous cf=59.6 ed=0.20 std=75.7
tweet_1987790693180313923.png,brand_visual,0.66,layout-like cf=57.1 ed=0.20 std=87.2
tweet_1987841859264376876.png,brand_visual,0.66,layout-like cf=75.2 ed=0.20 std=80.8
tweet_1987890015309803689.png,uncertain,0.45,ambiguous cf=45.3 ed=0.20 std=94.0
tweet_1987898323299192983.png,not_brand,0.63,photo/flat cf=1.2 ed=0.01 std=3.3
tweet_1987904637467533313.png,uncertain,0.45,ambiguous cf=83.9 ed=0.20 std=81.4
tweet_1987935553384251446.png,not_brand,0.63,photo/flat cf=32.9 ed=0.07 std=78.1
tweet_1988263891781161243.png,not_brand,0.63,photo/flat cf=1.2 ed=0.01 std=3.3
tweet_1988349385403437506.png,uncertain,0.45,ambiguous cf=89.2 ed=0.19 std=51.0
tweet_1988361481671307501.png,brand_visual,0.66,layout-like cf=1.3 ed=0.20 std=58.8
tweet_1988488050746282435.png,uncertain,0.45,ambiguous cf=40.0 ed=0.20 std=92.0
tweet_1988623007082860776.png,uncertain,0.45,ambiguous cf=66.9 ed=0.20 std=63.8
tweet_1988665770046550326.png,uncertain,0.45,ambiguous cf=27.4 ed=0.20 std=71.7
tweet_1988666194795331996.png,not_brand,0.63,photo/flat cf=6.3 ed=0.20 std=72.1
tweet_1988666350336929969.png,uncertain,0.45,ambiguous cf=61.0 ed=0.20 std=51.4
tweet_1988679901885694065.png,not_brand,0.63,photo/flat cf=1.9 ed=0.13 std=74.9
tweet_1988682304840249494.png,not_brand,0.63,photo/flat cf=1.2 ed=0.03 std=86.6
tweet_1988684259121590585.png,uncertain,0.45,ambiguous cf=36.0 ed=0.08 std=29.6
tweet_1988685034111520888.png,brand_visual,0.66,layout-like cf=41.1 ed=0.20 std=118.0
tweet_1988713725516476592.png,brand_visual,0.66,layout-like cf=11.3 ed=0.20 std=80.5
tweet_1988870883843178964.png,uncertain,0.45,ambiguous cf=89.9 ed=0.20 std=73.9
tweet_1988958830089170944.png,brand_visual,0.66,layout-like cf=17.2 ed=0.20 std=81.3
tweet_1988959799137140966.png,brand_visual,0.66,layout-like cf=118.5 ed=0.20 std=84.9
tweet_1988961424803262577.png,not_brand,0.63,photo/flat cf=1.3 ed=0.03 std=73.5
tweet_1988965641890787793.png,not_brand,0.63,photo/flat cf=7.5 ed=0.18 std=69.6
tweet_1988993617898176983.png,uncertain,0.45,ambiguous cf=19.8 ed=0.20 std=82.9
tweet_1988994235345838382.png,uncertain,0.45,ambiguous cf=27.7 ed=0.20 std=83.5
tweet_1989027302131577046.png,not_brand,0.63,photo/flat cf=15.9 ed=0.12 std=64.8
tweet_1989027518951625032.png,uncertain,0.45,ambiguous cf=18.9 ed=0.20 std=74.3
tweet_1989218677032644747.png,brand_visual,0.66,layout-like cf=47.5 ed=0.20 std=64.2
tweet_1989229310293733798.png,brand_visual,0.66,layout-like cf=91.7 ed=0.20 std=103.1
tweet_1989289956494516647.png,brand_visual,0.66,layout-like cf=30.7 ed=0.20 std=47.5
tweet_1989292056234332449.png,not_brand,0.63,photo/flat cf=1.2 ed=0.02 std=63.6
tweet_1989297100581179767.png,not_brand,0.63,photo/flat cf=1.3 ed=0.02 std=3.5
tweet_1989317179582361707.png,brand_visual,0.66,layout-like cf=20.7 ed=0.20 std=95.1
tweet_1989318380201869437.png,brand_visual,0.66,layout-like cf=50.9 ed=0.20 std=72.2
tweet_1989318864161722535.png,uncertain,0.45,ambiguous cf=44.0 ed=0.19 std=100.0
tweet_1989333537053438063.png,uncertain,0.45,ambiguous cf=18.7 ed=0.20 std=58.7
tweet_1989335865588380141.png,brand_visual,0.66,layout-like cf=63.5 ed=0.20 std=75.3
tweet_1989350030835376283.png,brand_visual,0.66,layout-like cf=41.1 ed=0.20 std=109.9
tweet_1989403613664612810.png,uncertain,0.45,ambiguous cf=64.0 ed=0.15 std=101.0
tweet_1989442813432623137.png,uncertain,0.45,ambiguous cf=21.4 ed=0.20 std=57.5
tweet_1989710777650172306.png,brand_visual,0.66,layout-like cf=36.5 ed=0.20 std=89.3
tweet_1989761759440253187.png,not_brand,0.63,photo/flat cf=112.7 ed=0.07 std=84.3
tweet_1989765679596408965.png,uncertain,0.45,ambiguous cf=49.3 ed=0.20 std=73.8
tweet_1989830874137772284.png,uncertain,0.45,ambiguous cf=24.2 ed=0.20 std=74.2
tweet_1989881419091394590.png,uncertain,0.45,ambiguous cf=32.5 ed=0.20 std=73.8
tweet_1990005092196696083.png,brand_visual,0.66,layout-like cf=31.4 ed=0.20 std=90.5
tweet_1990335550503751829.png,not_brand,0.63,photo/flat cf=95.4 ed=0.20 std=92.5
tweet_1990368577887916322.png,not_brand,0.63,photo/flat cf=127.7 ed=0.09 std=95.0
tweet_1990375388644782218.png,uncertain,0.45,ambiguous cf=35.5 ed=0.13 std=45.7
tweet_1990375541208138209.png,uncertain,0.45,ambiguous cf=41.9 ed=0.13 std=31.8
tweet_1990377226203001084.png,uncertain,0.45,ambiguous cf=52.2 ed=0.20 std=71.3
tweet_1990411493137949101.png,brand_visual,0.66,layout-like cf=85.2 ed=0.20 std=72.8
tweet_1990414599380771121.png,uncertain,0.45,ambiguous cf=34.3 ed=0.20 std=74.5
tweet_1990427376983925120.png,not_brand,0.63,photo/flat cf=1.4 ed=0.02 std=3.9
tweet_1990429950286115325.png,brand_visual,0.66,layout-like cf=21.6 ed=0.20 std=64.1
tweet_1990455538027540684.png,brand_visual,0.66,layout-like cf=6.6 ed=0.20 std=100.3
tweet_1990481183277224025.png,brand_visual,0.66,layout-like cf=24.3 ed=0.19 std=67.3
tweet_1990488424353312960.png,brand_visual,0.66,layout-like cf=59.0 ed=0.20 std=47.4
tweet_1990489123526709423.png,uncertain,0.45,ambiguous cf=51.4 ed=0.20 std=84.6
tweet_1990495079564181912.png,uncertain,0.45,ambiguous cf=26.6 ed=0.20 std=66.3
tweet_1990565944499077142.png,brand_visual,0.66,layout-like cf=51.3 ed=0.20 std=31.8
tweet_1990683826570576214.png,uncertain,0.45,ambiguous cf=1.3 ed=0.20 std=81.4
tweet_1990716265363648692.png,brand_visual,0.66,layout-like cf=77.3 ed=0.20 std=109.0
tweet_1990791707760447836.png,uncertain,0.45,ambiguous cf=26.0 ed=0.12 std=105.4
tweet_1990793834566214067.png,uncertain,0.45,ambiguous cf=96.4 ed=0.20 std=56.6
tweet_1990853763922325735.png,uncertain,0.45,ambiguous cf=33.8 ed=0.09 std=35.5
tweet_1991093767995289730.png,uncertain,0.45,ambiguous cf=42.3 ed=0.20 std=71.3
tweet_1991129700924596303.png,uncertain,0.45,ambiguous cf=41.7 ed=0.20 std=85.6
tweet_1991170660698079431.png,not_brand,0.63,photo/flat cf=1.3 ed=0.17 std=51.4
tweet_1991267302747042183.png,brand_visual,0.66,layout-like cf=35.6 ed=0.20 std=85.5
tweet_1991470123996311953.png,not_brand,0.63,photo/flat cf=32.3 ed=0.20 std=64.3
tweet_1991514754343662016.png,not_brand,0.63,photo/flat cf=99.5 ed=0.20 std=56.8
tweet_1991527667506503808.png,not_brand,0.63,photo/flat cf=1.4 ed=0.02 std=76.2
tweet_1991571542896177176.png,brand_visual,0.66,layout-like cf=42.8 ed=0.20 std=82.8
tweet_1991690791648112913.png,brand_visual,0.66,layout-like cf=40.3 ed=0.19 std=108.1
tweet_1991809108442222618.png,brand_visual,0.66,layout-like cf=86.0 ed=0.20 std=63.4
tweet_1991986279987474593.png,uncertain,0.45,ambiguous cf=48.8 ed=0.20 std=64.2
tweet_1992535252083073413.png,brand_visual,0.66,layout-like cf=114.0 ed=0.20 std=79.6
tweet_1992713120129900573.png,uncertain,0.45,ambiguous cf=44.6 ed=0.20 std=93.9
tweet_1992760439080624421.png,uncertain,0.45,ambiguous cf=1.2 ed=0.16 std=108.0
tweet_1992775328490770482.png,not_brand,0.63,photo/flat cf=1.5 ed=0.02 std=4.0
tweet_1992892873159610841.png,not_brand,0.63,photo/flat cf=133.2 ed=0.20 std=74.7
tweet_1992923999052128676.png,brand_visual,0.66,layout-like cf=77.4 ed=0.20 std=77.9
tweet_1992980017584967708.png,brand_visual,0.66,layout-like cf=55.7 ed=0.20 std=104.3
tweet_1993050706778140734.png,uncertain,0.45,ambiguous cf=83.3 ed=0.20 std=93.1
tweet_1993276818498134045.png,uncertain,0.45,ambiguous cf=60.3 ed=0.20 std=82.2
tweet_1993343475140771900.png,not_brand,0.63,photo/flat cf=1.3 ed=0.02 std=72.9
tweet_1993400496678486410.png,uncertain,0.45,ambiguous cf=90.1 ed=0.20 std=83.5
tweet_1993756195728118181.png,not_brand,0.63,photo/flat cf=153.7 ed=0.20 std=54.0
tweet_1994077067345055946.png,uncertain,0.45,ambiguous cf=57.6 ed=0.20 std=82.8
tweet_1994094894634164435.png,uncertain,0.45,ambiguous cf=15.4 ed=0.20 std=65.9
tweet_1994095175811956853.png,uncertain,0.45,ambiguous cf=23.7 ed=0.20 std=66.9
tweet_1994097102146736405.png,not_brand,0.63,photo/flat cf=1.3 ed=0.02 std=72.9
tweet_1994396177257943231.png,not_brand,0.63,photo/flat cf=1.2 ed=0.01 std=63.2
tweet_1994422882076959140.png,uncertain,0.45,ambiguous cf=18.0 ed=0.20 std=79.1
tweet_1994637445560729772.png,uncertain,0.45,ambiguous cf=24.9 ed=0.20 std=61.4
tweet_1994654878803599852.png,not_brand,0.63,photo/flat cf=26.5 ed=0.20 std=68.8
tweet_1994743526433964430.png,uncertain,0.45,ambiguous cf=24.7 ed=0.20 std=87.7
tweet_1994875692253941871.png,uncertain,0.45,ambiguous cf=30.1 ed=0.20 std=73.9
tweet_1995030773905469815.png,uncertain,0.45,ambiguous cf=57.1 ed=0.20 std=66.8
tweet_1995097630309814392.png,not_brand,0.63,photo/flat cf=1.5 ed=0.03 std=76.0
tweet_1995378512509972539.png,not_brand,0.63,photo/flat cf=1.4 ed=0.02 std=76.2
tweet_1995385143910138217.png,uncertain,0.45,ambiguous cf=13.4 ed=0.20 std=81.8
tweet_1995666763351294147.png,uncertain,0.45,ambiguous cf=1.2 ed=0.18 std=97.2
tweet_1995689088436109576.png,not_brand,0.63,photo/flat cf=14.2 ed=0.17 std=28.6
tweet_1995814398921736373.png,brand_visual,0.66,layout-like cf=28.1 ed=0.20 std=89.5
tweet_1995865589446054102.png,uncertain,0.45,ambiguous cf=42.2 ed=0.20 std=73.2
tweet_1995910758169752059.png,brand_visual,0.66,layout-like cf=10.7 ed=0.20 std=79.6
tweet_1995913620899680740.png,brand_visual,0.66,layout-like cf=60.5 ed=0.20 std=47.0
tweet_1995945199194017925.png,brand_visual,0.66,layout-like cf=3.3 ed=0.20 std=33.1
tweet_1995988448071516408.png,not_brand,0.63,photo/flat cf=15.3 ed=0.10 std=32.0
tweet_1996104663737991269.png,brand_visual,0.66,layout-like cf=9.2 ed=0.20 std=49.1
tweet_1996175223687946414.png,brand_visual,0.66,layout-like cf=23.2 ed=0.20 std=97.3
tweet_1996175653901943061.png,uncertain,0.45,ambiguous cf=15.0 ed=0.20 std=100.9
tweet_2002355869732794727.png,brand_visual,0.66,layout-like cf=66.3 ed=0.20 std=76.3
tweet_2012925066237915490.png,uncertain,0.45,ambiguous cf=52.8 ed=0.20 std=88.8
tweet_2012937057585315961.png,brand_visual,0.66,layout-like cf=36.7 ed=0.20 std=83.6
tweet_2012943485586829655.png,brand_visual,0.66,layout-like cf=65.8 ed=0.20 std=91.3
tweet_2013057837946057189.png,brand_visual,0.66,layout-like cf=71.7 ed=0.20 std=85.1
tweet_2013061898984415722.png,brand_visual,0.66,layout-like cf=58.7 ed=0.20 std=86.7
tweet_2013124223288435109.png,brand_visual,0.66,layout-like cf=22.3 ed=0.20 std=111.3
tweet_2013133836356407417.png,uncertain,0.45,ambiguous cf=91.9 ed=0.20 std=85.7
tweet_2013214544445972944.png,uncertain,0.45,ambiguous cf=11.6 ed=0.20 std=80.9
tweet_2013224450507051211.png,brand_visual,0.66,layout-like cf=40.5 ed=0.20 std=88.0
tweet_2013274703394140623.png,brand_visual,0.66,layout-like cf=74.4 ed=0.20 std=100.5
tweet_2013276377785520281.png,uncertain,0.45,ambiguous cf=5.6 ed=0.15 std=120.8
tweet_2013276948747948404.png,uncertain,0.45,ambiguous cf=67.9 ed=0.18 std=90.8
tweet_2013284113780978172.png,brand_visual,0.66,layout-like cf=46.2 ed=0.20 std=90.9
tweet_2013288023819956398.png,brand_visual,0.66,layout-like cf=8.4 ed=0.20 std=58.7
tweet_2013289479767728477.png,uncertain,0.45,ambiguous cf=41.3 ed=0.10 std=32.5
tweet_2013293349201920191.png,brand_visual,0.66,layout-like cf=49.4 ed=0.18 std=91.7
tweet_2013295389084876870.png,not_brand,0.63,photo/flat cf=1.3 ed=0.12 std=58.0
tweet_2013306158635687992.png,brand_visual,0.66,layout-like cf=35.6 ed=0.20 std=90.4
tweet_2013307978300985822.png,uncertain,0.45,ambiguous cf=72.6 ed=0.20 std=102.1
tweet_2013310534397898879.png,brand_visual,0.66,layout-like cf=90.2 ed=0.20 std=80.8
tweet_2013355791357747253.png,brand_visual,0.66,layout-like cf=51.6 ed=0.20 std=89.7
tweet_2013363146191237574.png,uncertain,0.45,ambiguous cf=85.4 ed=0.18 std=28.2
tweet_2013464268713144673.png,brand_visual,0.66,layout-like cf=54.5 ed=0.20 std=87.5
tweet_2013466276824523180.png,uncertain,0.45,ambiguous cf=27.2 ed=0.20 std=84.4
tweet_2013513355420672424.png,brand_visual,0.66,layout-like cf=32.3 ed=0.20 std=41.3
tweet_2013531205703020739.png,brand_visual,0.66,layout-like cf=57.7 ed=0.20 std=81.2
tweet_2013603488949789028.png,uncertain,0.45,ambiguous cf=30.8 ed=0.20 std=37.8
tweet_2013610175534338395.png,not_brand,0.63,photo/flat cf=1.3 ed=0.02 std=73.3
tweet_2013612476957372626.png,uncertain,0.45,ambiguous cf=2.6 ed=0.18 std=25.9
tweet_2013617128088162489.png,uncertain,0.45,ambiguous cf=40.7 ed=0.20 std=79.9
tweet_2013617978655506771.png,uncertain,0.45,ambiguous cf=20.5 ed=0.20 std=54.0
tweet_2013619544506401091.png,not_brand,0.63,photo/flat cf=1.2 ed=0.02 std=3.4
tweet_2013651024859300073.png,uncertain,0.45,ambiguous cf=42.5 ed=0.20 std=92.6
tweet_2013672914890170619.png,brand_visual,0.66,layout-like cf=22.2 ed=0.20 std=58.2
tweet_2013675665539596651.png,uncertain,0.45,ambiguous cf=23.4 ed=0.20 std=54.8
tweet_2013691314571706844.png,not_brand,0.63,photo/flat cf=1.3 ed=0.02 std=3.5
tweet_2013700160430248434.png,uncertain,0.45,ambiguous cf=15.6 ed=0.20 std=73.0
tweet_2013703637780815984.png,uncertain,0.45,ambiguous cf=12.7 ed=0.19 std=42.1
tweet_2013728440281706951.png,uncertain,0.45,ambiguous cf=34.1 ed=0.20 std=63.7
tweet_2013759209318342865.png,brand_visual,0.66,layout-like cf=35.0 ed=0.20 std=64.9
tweet_2013859366558937570.png,uncertain,0.45,ambiguous cf=85.0 ed=0.20 std=81.8
tweet_2013860661579915762.png,brand_visual,0.66,layout-like cf=44.8 ed=0.20 std=107.2
tweet_2013861056221979070.png,uncertain,0.45,ambiguous cf=1.5 ed=0.17 std=65.8
tweet_2013868903940739417.png,uncertain,0.45,ambiguous cf=7.0 ed=0.18 std=92.0
tweet_2013885138245972411.png,not_brand,0.63,photo/flat cf=8.2 ed=0.15 std=45.0
tweet_2013886604658557120.png,not_brand,0.63,photo/flat cf=1.2 ed=0.01 std=63.4
tweet_2013955736292704342.png,uncertain,0.45,ambiguous cf=44.7 ed=0.20 std=83.0
tweet_2013962720153076187.png,brand_visual,0.66,layout-like cf=63.5 ed=0.20 std=54.7
tweet_2014007603806794007.png,uncertain,0.45,ambiguous cf=12.3 ed=0.20 std=62.0
tweet_2014011854490656974.png,uncertain,0.45,ambiguous cf=33.7 ed=0.20 std=88.3
tweet_2014021076712300667.png,uncertain,0.45,ambiguous cf=49.5 ed=0.20 std=67.0
tweet_2014141054086516909.png,uncertain,0.45,ambiguous cf=28.2 ed=0.20 std=65.3
tweet_2014162636313874736.png,brand_visual,0.66,layout-like cf=25.2 ed=0.20 std=36.9
tweet_2014240814676005233.png,not_brand,0.63,photo/flat cf=4.1 ed=0.12 std=32.7
tweet_2014269305610002613.png,uncertain,0.45,ambiguous cf=16.8 ed=0.20 std=68.4
tweet_2014302338501013594.png,not_brand,0.63,photo/flat cf=11.5 ed=0.11 std=38.0
tweet_2014307097190846513.png,uncertain,0.45,ambiguous cf=63.9 ed=0.20 std=78.3
tweet_2014307192157999302.png,uncertain,0.45,ambiguous cf=70.3 ed=0.20 std=97.0
tweet_2014325821771547023.png,uncertain,0.45,ambiguous cf=1.3 ed=0.18 std=81.3
tweet_2014342478904914043.png,brand_visual,0.66,layout-like cf=40.7 ed=0.20 std=61.5
tweet_2014358809121292781.png,brand_visual,0.66,layout-like cf=49.8 ed=0.19 std=61.7
tweet_2014375986507247754.png,brand_visual,0.66,layout-like cf=32.8 ed=0.20 std=66.6
tweet_2014385423142056282.png,brand_visual,0.66,layout-like cf=55.5 ed=0.20 std=101.2
tweet_2014390973640392782.png,uncertain,0.45,ambiguous cf=35.7 ed=0.20 std=74.6
tweet_2014426182578733089.png,not_brand,0.63,photo/flat cf=8.7 ed=0.12 std=35.5
tweet_2014427379125415976.png,uncertain,0.45,ambiguous cf=11.0 ed=0.19 std=54.8
tweet_2014437309467525348.png,uncertain,0.45,ambiguous cf=29.2 ed=0.20 std=69.3
tweet_2014521181919912183.png,uncertain,0.45,ambiguous cf=8.4 ed=0.20 std=39.1
tweet_2014533460556407017.png,uncertain,0.45,ambiguous cf=5.5 ed=0.20 std=82.8
tweet_2014663874679652532.png,brand_visual,0.66,layout-like cf=32.2 ed=0.20 std=38.6
tweet_2014686387518488736.png,uncertain,0.45,ambiguous cf=46.5 ed=0.20 std=81.4
tweet_2014688872840491408.png,brand_visual,0.66,layout-like cf=35.1 ed=0.20 std=87.0
tweet_2014704509063143670.png,brand_visual,0.66,layout-like cf=33.9 ed=0.20 std=49.1
tweet_2014710210355728515.png,brand_visual,0.66,layout-like cf=30.3 ed=0.20 std=103.2
tweet_2014728699472707694.png,brand_visual,0.66,layout-like cf=62.8 ed=0.20 std=102.2
tweet_2014743293146407281.png,brand_visual,0.66,layout-like cf=81.9 ed=0.20 std=76.8
tweet_2014759316603990467.png,uncertain,0.45,ambiguous cf=73.9 ed=0.20 std=74.1
tweet_2014782900466594011.png,brand_visual,0.66,layout-like cf=84.3 ed=0.20 std=91.7
tweet_2014975632191410462.png,uncertain,0.45,ambiguous cf=29.3 ed=0.20 std=70.9
tweet_2015013651019595925.png,uncertain,0.45,ambiguous cf=21.1 ed=0.20 std=73.6
tweet_2015020119714398486.png,uncertain,0.45,ambiguous cf=40.8 ed=0.12 std=51.0
tweet_2015039443900485949.png,brand_visual,0.66,layout-like cf=36.9 ed=0.20 std=78.2
tweet_2015041653434695978.png,uncertain,0.45,ambiguous cf=22.3 ed=0.20 std=63.7
tweet_2015085547031839068.png,brand_visual,0.66,layout-like cf=51.1 ed=0.20 std=88.4
tweet_2015104748425183652.png,brand_visual,0.66,layout-like cf=18.4 ed=0.20 std=93.5
tweet_2015130354953179461.png,brand_visual,0.66,layout-like cf=100.2 ed=0.20 std=82.1
tweet_2015216888955981897.png,not_brand,0.63,photo/flat cf=1.3 ed=0.02 std=3.7
tweet_2015252888528859603.png,uncertain,0.45,ambiguous cf=47.3 ed=0.20 std=90.5
tweet_2015341332274045283.png,uncertain,0.45,ambiguous cf=35.0 ed=0.20 std=25.4
tweet_2015341554651844982.png,uncertain,0.45,ambiguous cf=68.5 ed=0.20 std=89.7
tweet_2015347425079410707.png,brand_visual,0.66,layout-like cf=41.0 ed=0.20 std=74.0
tweet_2015348452063076535.png,not_brand,0.63,photo/flat cf=21.3 ed=0.05 std=73.5
tweet_2015409385720463641.png,uncertain,0.45,ambiguous cf=46.0 ed=0.18 std=78.3
tweet_2015414009789403400.png,uncertain,0.45,ambiguous cf=38.4 ed=0.20 std=68.6
tweet_2015416885899039062.png,not_brand,0.63,photo/flat cf=1.3 ed=0.02 std=69.5
tweet_2015437698702438598.png,uncertain,0.45,ambiguous cf=54.3 ed=0.20 std=92.2
tweet_2015455107064766849.png,not_brand,0.63,photo/flat cf=1.2 ed=0.01 std=3.2
tweet_2015499193700241692.png,uncertain,0.45,ambiguous cf=36.6 ed=0.20 std=70.0
tweet_2015673244980850879.png,brand_visual,0.66,layout-like cf=29.1 ed=0.20 std=101.8
tweet_2015695321087836583.png,brand_visual,0.66,layout-like cf=6.5 ed=0.20 std=93.0
tweet_2015699325075247529.png,brand_visual,0.66,layout-like cf=43.7 ed=0.20 std=82.2
tweet_2015726481314398320.png,brand_visual,0.66,layout-like cf=29.1 ed=0.20 std=69.2
tweet_2015734302856659248.png,brand_visual,0.66,layout-like cf=34.5 ed=0.20 std=62.7
tweet_2015753356501762512.png,not_brand,0.63,photo/flat cf=24.9 ed=0.06 std=28.5
tweet_2015756682647961875.png,uncertain,0.45,ambiguous cf=19.6 ed=0.20 std=60.9
tweet_2015771116741050810.png,uncertain,0.45,ambiguous cf=82.5 ed=0.10 std=95.9
tweet_2015779157624430968.png,uncertain,0.45,ambiguous cf=70.7 ed=0.20 std=94.1
tweet_2015837078307868812.png,uncertain,0.45,ambiguous cf=14.8 ed=0.20 std=79.9
tweet_2015871268176699477.png,uncertain,0.45,ambiguous cf=54.9 ed=0.19 std=21.9
tweet_2015918217235939760.png,brand_visual,0.66,layout-like cf=59.4 ed=0.20 std=82.4
tweet_2016134148235378971.png,brand_visual,0.66,layout-like cf=54.9 ed=0.20 std=76.6
tweet_2016148160796578152.png,not_brand,0.63,photo/flat cf=133.9 ed=0.20 std=40.0
tweet_2016243219340599374.png,not_brand,0.63,photo/flat cf=1.1 ed=0.02 std=73.4
tweet_2016255277029371959.png,uncertain,0.45,ambiguous cf=33.8 ed=0.20 std=67.5
tweet_2016390786397421746.png,brand_visual,0.66,layout-like cf=15.8 ed=0.20 std=86.3
tweet_2016425496238493871.png,not_brand,0.63,photo/flat cf=2.8 ed=0.04 std=4.2
tweet_2016447097516728661.png,brand_visual,0.66,layout-like cf=93.1 ed=0.20 std=65.2
tweet_2016563516719714774.png,uncertain,0.45,ambiguous cf=80.1 ed=0.20 std=30.1
tweet_2016573565080928429.png,uncertain,0.45,ambiguous cf=73.3 ed=0.20 std=77.8
tweet_2016592876910584313.png,uncertain,0.45,ambiguous cf=73.6 ed=0.20 std=75.9
tweet_2016766423914229952.png,brand_visual,0.66,layout-like cf=35.3 ed=0.20 std=117.7
tweet_2016776634263884008.png,uncertain,0.45,ambiguous cf=31.4 ed=0.20 std=50.9
tweet_2016812355707949068.png,brand_visual,0.66,layout-like cf=79.9 ed=0.20 std=74.5
tweet_2016843830365212969.png,uncertain,0.45,ambiguous cf=99.5 ed=0.20 std=67.5
tweet_2016876507969282083.png,brand_visual,0.66,layout-like cf=24.8 ed=0.20 std=82.3
tweet_2016903357860815038.png,brand_visual,0.66,layout-like cf=18.0 ed=0.20 std=72.2
tweet_2017238145570312403.png,brand_visual,0.66,layout-like cf=14.7 ed=0.19 std=34.7
tweet_2017296799447585167.png,brand_visual,0.66,layout-like cf=36.8 ed=0.20 std=52.5
tweet_2017569309673804064.png,brand_visual,0.66,layout-like cf=45.8 ed=0.19 std=66.6
tweet_2017575042964443217.png,uncertain,0.45,ambiguous cf=49.0 ed=0.14 std=68.4
tweet_2017578264378937482.png,brand_visual,0.66,layout-like cf=33.5 ed=0.19 std=83.0
tweet_2017583655590478042.png,brand_visual,0.66,layout-like cf=36.6 ed=0.19 std=87.7
tweet_2017585857478238657.png,uncertain,0.45,ambiguous cf=1.6 ed=0.19 std=96.1
tweet_2017638807772795240.png,not_brand,0.63,photo/flat cf=1.3 ed=0.11 std=87.8
tweet_2017742741636321619.png,uncertain,0.45,ambiguous cf=6.8 ed=0.17 std=48.0
tweet_2017859540927037824.png,brand_visual,0.66,layout-like cf=28.8 ed=0.20 std=81.7
tweet_2017940929446113600.png,brand_visual,0.66,layout-like cf=4.7 ed=0.20 std=111.0
tweet_2017941049981677678.png,brand_visual,0.66,layout-like cf=5.1 ed=0.20 std=107.3
tweet_2017941379075473543.png,brand_visual,0.66,layout-like cf=24.9 ed=0.20 std=97.7
tweet_2017962869472842117.png,not_brand,0.63,photo/flat cf=101.7 ed=0.20 std=96.0
tweet_2017983403145249046.png,uncertain,0.45,ambiguous cf=19.5 ed=0.20 std=106.2
tweet_2018291481639809132.png,uncertain,0.45,ambiguous cf=53.2 ed=0.20 std=75.0
tweet_2018334061379629188.png,brand_visual,0.66,layout-like cf=22.1 ed=0.20 std=100.6
tweet_2018366517067362514.png,brand_visual,0.66,layout-like cf=115.5 ed=0.20 std=64.9
tweet_2018368249759690875.png,brand_visual,0.66,layout-like cf=50.1 ed=0.20 std=95.7
tweet_2018584197292609651.png,brand_visual,0.66,layout-like cf=42.6 ed=0.20 std=106.2
tweet_2018589601594851705.png,uncertain,0.45,ambiguous cf=27.4 ed=0.20 std=65.0
tweet_2018595314110746985.png,not_brand,0.63,photo/flat cf=1.2 ed=0.02 std=67.7
tweet_2018622976577732967.png,not_brand,0.63,photo/flat cf=1.2 ed=0.01 std=63.3
tweet_2018641406936449270.png,not_brand,0.63,photo/flat cf=4.4 ed=0.20 std=71.1
tweet_2018643950945661309.png,not_brand,0.63,photo/flat cf=1.2 ed=0.01 std=63.3
tweet_2018674909262606649.png,not_brand,0.63,photo/flat cf=3.2 ed=0.14 std=44.2
tweet_2018691884848464035.png,brand_visual,0.66,layout-like cf=13.5 ed=0.20 std=104.0
tweet_2018694657639657603.png,brand_visual,0.66,layout-like cf=60.8 ed=0.20 std=84.6
tweet_2018775504027804007.png,brand_visual,0.66,layout-like cf=1.3 ed=0.19 std=53.9
tweet_2018776336194732499.png,uncertain,0.45,ambiguous cf=30.6 ed=0.20 std=63.3
tweet_2018821833458626882.png,uncertain,0.45,ambiguous cf=38.3 ed=0.20 std=82.1
tweet_2019072164071174619.png,uncertain,0.45,ambiguous cf=29.7 ed=0.20 std=89.3
tweet_2019099877930856462.png,not_brand,0.63,photo/flat cf=1.1 ed=0.02 std=73.0
tweet_2025995405159244079.png,brand_visual,0.66,layout-like cf=5.4 ed=0.20 std=95.3
tweet_2026220589938315548.png,uncertain,0.45,ambiguous cf=76.1 ed=0.20 std=78.5
tweet_2026322476427248012.png,brand_visual,0.66,layout-like cf=75.2 ed=0.20 std=86.2
